"id","api_id","name","created_on","updated_on"
3,"289af03e-89ca-452e-bf7e-6d9564f57495","Chuqlab","2021-04-06 23:17:28.93313","2021-04-06 23:17:28.93313"
10,"5bfe9d22-0f5f-483e-ae3e-74db8db0d883","St Joseph County Prosecutor's Office","2021-05-18 17:56:48.629366","2021-05-18 17:56:48.629366"
11,"60f445d1-6efd-4cc6-b262-bad449bf12e7","Baltimore Police Department","2021-05-18 17:56:48.629366","2021-05-18 17:56:48.629366"
12,"94f0f4db-7f4f-450b-ba44-ea63d4fc3189","South Bend Police Metro Homicide","2021-05-18 17:56:48.629366","2021-05-18 17:56:48.629366"
13,"9b6e899e-1a23-4bf9-86f5-3c5045567211","User Testing","2021-05-18 17:56:48.629366","2021-05-18 17:56:48.629366"
26,"b03bf592-43d1-4e14-9614-c57263c188c8","Federal Government Agency","2021-05-19 01:13:16.007915","2021-05-19 01:13:16.007915"
30,"b7f217c8-2c35-4567-9498-119cfa5222a5","Oak Ridge Police Department","2021-08-06 12:04:17.235783","2021-08-06 12:04:17.235783"
31,"2067d2c8-cfdf-4cb2-8a8c-c2826cfc7446","Evansville Police Department","2021-08-17 12:00:04.359991","2021-08-17 12:00:04.359991"
34,"c5b9cea3-a729-4813-b674-d95e0813d2bc","Delaware County Sheriff's Office","2021-09-09 18:12:44.413695","2021-09-09 18:12:44.413695"
36,"b9fbda01-f783-468a-96fc-aab164a0ffe6","Marion County Prosecutor's Office","2021-09-23 00:25:13.862391","2021-09-23 00:25:13.862391"
37,"25bf1533-11bd-4644-9c84-934a3020e168","North Regional Major Crimes Task Force","2021-11-06 14:55:46.255545","2021-11-06 14:55:46.255545"
38,"8e2fbe34-7ebb-48c5-944c-e2d5ff125b69","Vanderburgh County Prosecutor's Office","2021-11-30 00:59:30.713126","2021-11-30 00:59:30.713126"
39,"ab064a08-be4b-4574-9e84-e9dfdd002403","Rice County Attorney's Office","2021-12-06 16:54:22.734789","2021-12-06 16:54:22.734789"
40,"7d66418a-3bfc-4618-9c95-53c4d0514533","Evanston Police Department","2021-12-20 21:56:30.379368","2021-12-20 21:56:30.379368"
41,"ca1f514e-0083-47fe-8fb1-5d14f69b7407","Purdue University UX","2022-01-27 01:34:56.599382","2022-01-27 01:34:56.599382"
42,"cb0401da-1961-417d-ad25-4606fb6d0b9f","Pulaski County Prosecutor","2022-02-07 15:32:16.947225","2022-02-07 15:32:16.947225"
43,"98afde81-3076-4f89-960d-4a1a99940f3a","Chicago Police Department","2022-02-07 15:33:09.715766","2022-02-07 15:33:09.715766"
44,"eebfa5d0-37e0-412c-aef9-f1e31b9eed5c","The Public Defender Service of D.C.","2022-02-16 20:17:02.869768","2022-02-16 20:17:02.869768"
45,"b66017c4-7c59-4f18-9086-5d338fd613fb","Illinois State Police South Suburban Major Crimes Task Force","2022-03-24 10:29:27.045985","2022-03-24 10:29:27.045985"
46,"e2834233-adb2-441b-b9d7-d4acbf5471d5","Palos Heights Police Department","2022-03-28 14:30:55.907754","2022-03-28 14:30:55.907754"
47,"2030fa96-61b7-4ab3-a83a-19c02057def4","Bexar County Sheriff's Office","2022-04-11 19:27:36.688195","2022-04-11 19:27:36.688195"
50,"a4c825f0-efbd-43b7-8c68-9cb703fc1e55","Cass County Criminal District Attorney's Office","2022-04-21 17:18:35.659342","2022-04-21 17:18:35.659342"
51,"63afef93-809d-493b-82a5-a32cdb7db53d","Los Angeles District Attorney's Office","2022-05-10 00:24:27.583637","2022-05-10 00:24:27.583637"
52,"f8930330-ae8d-48ad-8a50-ad0fb1b4d274","House of the Good Shepherd","2022-06-10 14:11:37.671906","2022-06-10 14:11:37.671906"
53,"5cf89a66-f8e3-4b59-a8fb-45f364e4c4e5","Pitt County Sheriff's Office","2022-07-13 20:23:54.867276","2022-07-13 20:23:54.867276"
54,"c9bc1493-cb08-4b85-abb5-b76096027dd8","Naperville Police Department","2022-07-28 20:58:38.278359","2022-07-28 20:58:38.278359"
